,precision,recall,macro_f1
Default LR,0.8333333333333334,0.6137184115523465,0.8294262676285147
Grid LR,0.8287037037037037,0.6462093862815884,0.8400062412232797
Default LR with POS,0.7929292929292929,0.5667870036101083,0.8031732746749647
Grid Search LR with POS,0.803921568627451,0.592057761732852,0.8149093542351971
