precision,recall,macro_f1
0.8703518371461414,0.5871289250626084,0.6740722152369423
0.7329843801927551,0.7628308611057599,0.7417262288880224
