,precision,recall,macro_f1
Default NB,0.30725190839694655,0.5812274368231047,0.6094817473572631
Grid NB,0.6677740863787376,0.7256317689530686,0.8167649495589453
Default NB with POS,0.3186046511627907,0.49458483754512633,0.613916690188279
Grid Search NB with POS,0.6896551724137931,0.5776173285198556,0.781856456589907
