precision,recall,macro_f1
0.33812021314141755,0.4104659506838759,0.35579570895638934
0.5212137177270882,0.6684225101136583,0.5397413343627884
