,precision,recall,macro_f1
Default SVM,0.8136991838620266,0.5058035542284725,0.5780603847542859
Grid Search SVM,0.7697810235540803,0.744035831246388,0.7472176494282061
Grid Search SVM with POS,0.8214755746607424,0.592365632826045,0.6385555405059672
