,precision,recall,macro_f1
Default SVM,0.8478260869565217,0.5631768953068592,0.8132003400878977
Grid Search SVM,0.7967479674796748,0.7075812274368231,0.8521357783743977
Default SVM with POS,0.8541666666666666,0.44404332129963897,0.7629656576608279
Grid Search SVM with POS,0.753968253968254,0.6859205776173285,0.8333807722532702
