precision,recall,macro_f1
0.7400518715861291,0.7799595453669813,0.7245941637877797
0.7863752299895888,0.78713687150838,0.7724846762597322
0.3626377901162321,0.49765916971681756,0.3886923866164943
