,precision,recall,macro_f1
Grid SVM,0.684375,0.7906137184115524,0.83865267493084
Grid LR,0.708185053380783,0.7184115523465704,0.8286587964007319
Grid NB,0.39445300462249616,0.924187725631769,0.6933920727754299
