precision,recall,macro_f1
0.6392828624753989,0.8246335002889617,0.7056832874308412
0.6592942701090819,0.7760202754767868,0.7018733836365696
0.551415599101867,0.44262882874205356,0.4611552887917746
