precision,recall,macro_f1
0.8,0.5776173285198556,0.8087381678959438
0.5471204188481675,0.7545126353790613,0.7734719480623766
0.5595238095238095,0.5090252707581228,0.7237922868896493
